id,firstname,lastname,email,profession
100,Asia,Cynar,Asia.Cynar@yopmail.com,doctor
101,Constance,Modie,Constance.Modie@yopmail.com,student
102,Codie,Deegan,,student
103,Cyb,Firmin,Cyb.Firmin@yopmail.com,developer
104,Donnie,Bartlett,Donnie.Bartlett@yopmail.com,student
105,Tonia,,Tonia.Hessler@yopmail.com,doctor
106,Bill,Orlene,Bill.Orlene@yopmail.com,doctor
107,Aurore,,Aurore.Garrison@yopmail.com,doctor
108,Ezmeralda,Annabella,Ezmeralda.Annabella@yopmail.com,developer
109,Chrystel,Anderea,Chrystel.Anderea@yopmail.com,teacher
110,Roxane,Bultman,Roxane.Bultman@yopmail.com,developer
111,Mellicent,Eliathas,Mellicent.Eliathas@yopmail.com,student
112,Elmira,Gabrielli,Elmira.Gabrielli@yopmail.com,teacher
113,Yvonne,Adalbert,Yvonne.Adalbert@yopmail.com,student
114,Merrie,Hunfredo,Merrie.Hunfredo@yopmail.com,teacher
115,Kary,Krystle,,developer
116,Alex,,Alex.Taam@yopmail.com,teacher
117,Annora,Shelba,Annora.Shelba@yopmail.com,student
118,Jaime,NullValue,,developer
119,Vanessa,Gaspard,Vanessa.Gaspard@yopmail.com,developer
120,Hannis,Llovera,Hannis.Llovera@yopmail.com,teacher
121,Rivalee,My,Rivalee.My@yopmail.com,doctor
122,Jeanna,Koziara,Jeanna.Koziara@yopmail.com,teacher
123,Zia,Riva,Zia.Riva@yopmail.com,student
124,Juliane,Pascia,,student
125,Elora,Ader,Elora.Ader@yopmail.com,student
126,Selma,NullValue,,doctor
127,Pamella,Lewes,Pamella.Lewes@yopmail.com,teacher
128,Imojean,Abram,Imojean.Abram@yopmail.com,teacher
129,Ruthe,NullValue,Ruthe.Chauncey@yopmail.com,doctor